{
  "KGS_start": [6.083333, 9.7],
  "KGS_end": [6.133333, 9.8]
}